instance_name,category,formula_size,proofdoor_size,formula-pd-size-ratio,smallest_interpolant_size,largest_interpolant_size
139442p0,linear,113751,10,11375.10,1,1,success (10/10),not available,not available,,not available,not available,
139442p1,linear,115363,not started,,NA,NA,not started,not available,not available,,not available,not available,
139443p0,linear,179303,10,17930.30,1,1,success (10/10),not available,not available,,not available,not available,
139443p5,linear,181350,not started,,NA,NA,not started,not available,not available,,not available,not available,
139444p0,linear,256983,10,25698.30,1,1,success (10/10),not available,not available,,not available,not available,
139444p22,linear,261680,not started,,NA,NA,not started,not available,not available,,not available,not available,
139452p0,linear,188197,10,18819.70,1,1,success (10/10),not available,not available,,not available,not available,
139453p0,linear,289772,10,28977.20,1,1,success (10/10),not available,not available,,not available,not available,
139454p0,linear,415087,10,41508.70,1,1,success (10/10),not available,not available,,not available,not available,
139462p0,linear,319065,10,31906.50,1,1,success (10/10),not available,not available,,not available,not available,
139463p0,linear,468477,10,46847.70,1,1,success (10/10),not available,not available,,not available,not available,
139464p0,linear,658257,10,65825.70,1,1,success (10/10),not available,not available,,not available,not available,
6s120,linear,75067,239686,0.31,2,130032,success (10/10),not available,not available,,not available,not available,
6s159,linear,48762,872,55.92,20,218,success (10/10),not available,not available,,not available,not available,
6s164,linear,36366,11,3306.00,1,2,success (10/10),not available,not available,,not available,not available,
6s202b00,linear,0,not started,,NA,NA,not started,not available,not available,,not available,not available,
6s202b41,linear,16558475,43,385080.81,1,7,success (10/10),not available,not available,,not available,not available,
6s204b19,linear,5955742,546,10907.95,1,171,success (10/10),not available,not available,,not available,not available,
6s205b20,linear,0,not started,,NA,NA,not started,not available,not available,,not available,not available,
6s206rb025,linear,4170660,35,119161.71,1,4,success (10/10),not available,not available,,not available,not available,
6s206rb103,linear,4170660,57,73169.47,4,9,success (10/10),not available,not available,,not available,not available,
6s207rb28,linear,1155911,not started,,NA,NA,not started,not available,not available,,not available,not available,
6s209b0,linear,887629,225,3945.02,4,37,success (10/10),not available,not available,,not available,not available,
6s215rb0,linear,312784,not started,,NA,NA,not started,not available,not available,,not available,not available,
6s216rb0,linear,313084,243,1288.41,1,90,success (10/10),not available,not available,,not available,not available,
6s221rb14,linear,7540936,105,71818.44,2,14,success (10/10),not available,not available,,not available,not available,
6s273b37,linear,2454970,23,106737.83,1,4,success (10/10),not available,not available,,not available,not available,
6s290,linear,3552698,19,186984.11,1,2,success (10/10),not available,not available,,not available,not available,
6s306rb03,linear,1452968,67,21686.09,1,16,success (10/10),not available,not available,,not available,not available,
6s307rb09,linear,1209708,63,19201.71,1,11,success (10/10),not available,not available,,not available,not available,
6s326rb08,linear,655774,186,3525.67,1,49,success (10/10),not available,not available,,not available,not available,
6s342rb131,linear,10951161,251,43630.12,1,129,success (10/10),not available,not available,,not available,not available,
6s344rb054,linear,2587463,2953,876.22,48,610,success (10/10),not available,not available,,not available,not available,
6s344rb150,linear,2584515,119,21718.61,1,30,success (10/10),not available,not available,,not available,not available,
6s350rb35,linear,0,not started,,NA,NA,not started,not available,not available,,not available,not available,
6s350rb46,linear,0,not started,,NA,NA,not started,not available,not available,,not available,not available,
6s351rb15,linear,652477,1292,505.01,2,487,success (10/10),not available,not available,,not available,not available,
6s355rb08740,linear,2409791,61,39504.77,3,9,success (10/10),not available,not available,,not available,not available,
6s355rb11080,linear,2409659,55,43811.98,2,11,success (10/10),not available,not available,,not available,not available,
6s362rb1,linear,264411,14,18886.50,1,4,success (10/10),not available,not available,,not available,not available,
6s372rb26,linear,241793,324,746.27,2,112,success (10/10),not available,not available,,not available,not available,
6s374b029,linear,10700988,not started,,NA,NA,not started,not available,not available,,not available,not available,
6s380b129,linear,1366185,50,27323.70,1,8,success (10/10),not available,not available,,not available,not available,
6s380b511,linear,1366768,90,15186.31,2,15,success (10/10),not available,not available,,not available,not available,
6s384rb024,linear,1871642,31,60375.55,1,4,success (10/10),not available,not available,,not available,not available,
6s385rb444,linear,4440523,12,370043.58,1,2,success (10/10),not available,not available,,not available,not available,
6s389b02,linear,1003562,2,,NA,NA,partial done (1/10),not available,not available,,not available,not available,
6s391rb379,linear,386707,24,16112.79,2,5,success (10/10),not available,not available,,not available,not available,
6s4,linear,81118,96,844.98,4,16,success (10/10),not available,not available,,not available,not available,
6s400rb07819,linear,2331771,20,116588.55,2,2,success (10/10),not available,not available,,not available,not available,
6s405rb611,linear,4197119,10,419711.90,1,1,success (10/10),not available,not available,,not available,not available,
6s406rb067,linear,4067601,10,406760.10,1,1,success (10/10),not available,not available,,not available,not available,
beemcycschd3b1,linear,104746,20,5237.30,1,3,success (10/10),not available,not available,,not available,not available,
beemelev2f1,linear,57725,154,374.84,2,45,success (10/10),not available,not available,,not available,not available,
beemfwt3f3,linear,661741,3737,177.08,1,901,success (10/10),not available,not available,,not available,not available,
beemlup1b1,linear,84746,62,1366.87,1,7,success (10/10),not available,not available,,not available,not available,
beempgsol5b1,linear,421252,not started,,NA,NA,not started,not available,not available,,not available,not available,
beemptrsn1b1,linear,59117,520,,NA,NA,partial done (2/10),not available,not available,,not available,not available,
bj08amba2g1,linear,30353,29,1046.66,1,4,success (10/10),not available,not available,,not available,not available,
bj08amba3g1,linear,312080,29,10761.38,1,4,success (10/10),not available,not available,,not available,not available,
bj08amba5g62,linear,658653,6,,NA,NA,partial done (3/10),not available,not available,,not available,not available,
bj08aut82,linear,12576,28,449.14,1,3,success (10/10),not available,not available,,not available,not available,
bj08vendingcycle,linear,35341,not started,,NA,NA,not started,not available,not available,,not available,not available,
bjrb07amba1andenv,linear,33880,49,691.43,1,6,success (10/10),not available,not available,,not available,not available,
bob12s02,linear,416578,not started,,NA,NA,not started,not available,not available,,not available,not available,
bob9234spec4neg,linear,22089,16,1380.56,1,4,success (10/10),not available,not available,,not available,not available,
bob9234specand,linear,22056,not started,,NA,NA,not started,not available,not available,,not available,not available,
bobcount,linear,2587,641,4.04,13,169,success (10/10),not available,not available,,not available,not available,
bobmiterbm1and,linear,69087,not started,,NA,NA,not started,not available,not available,,not available,not available,
bobmiterbm1or,linear,69087,10,6908.70,1,1,success (10/10),not available,not available,,not available,not available,
bobsm5378d2,linear,68467,190500,,NA,NA,partial done (7/10),not available,not available,,not available,not available,
bobsmdct,linear,35426,13469,,NA,NA,partial done (8/10),not available,not available,,not available,not available,
bobsynth13,linear,510687,10,51068.70,1,1,success (10/10),not available,not available,,not available,not available,
bobsynthand,linear,510654,not started,,NA,NA,not started,not available,not available,,not available,not available,
bobsynthetic2,linear,654425,not started,,NA,NA,not started,not available,not available,,not available,not available,
bobsynthor,linear,511105,not started,,NA,NA,not started,not available,not available,,not available,not available,
bobtuint12neg,linear,64958,71,914.90,1,29,success (10/10),not available,not available,,not available,not available,
bobtuint19neg,linear,65057,105,619.59,2,30,success (10/10),not available,not available,,not available,not available,
bobtuint21neg,linear,65057,101,644.13,2,30,success (10/10),not available,not available,,not available,not available,
bobtuint24,linear,64958,10,6495.80,1,1,success (10/10),not available,not available,,not available,not available,
bobtuintand,linear,64925,not started,,NA,NA,not started,not available,not available,,not available,not available,
bobtuintorneg,linear,64925,not started,,NA,NA,not started,not available,not available,,not available,not available,
bobunr2p10d40l,linear,266152,2,,NA,NA,partial done (1/10),not available,not available,,not available,not available,
bobuns2p10d100l,linear,685972,1,,NA,NA,partial done (1/10),not available,not available,,not available,not available,
brpp1,linear,41223,not started,,NA,NA,not started,not available,not available,,not available,not available,
cal159,linear,1415263,38652,36.62,2,37911,success (10/10),not available,not available,,not available,not available,
cal35,linear,114686,not started,,NA,NA,not started,not available,not available,,not available,not available,
cal81,linear,2671648,not started,,NA,NA,not started,not available,not available,,not available,not available,
cmuperiodic,linear,49204,28,1757.29,1,3,success (10/10),not available,not available,,not available,not available,
counterp0,linear,2986,not started,,NA,NA,not started,not available,not available,,not available,not available,
csmacdp2,linear,176662,not started,,NA,NA,not started,not available,not available,,not available,not available,
dme6p1,linear,75194,not started,,NA,NA,not started,not available,not available,,not available,not available,
dme6p1neg,linear,75194,not started,,NA,NA,not started,not available,not available,,not available,not available,
dspfilters_fastfir_second-p04,linear,942255,20553,,NA,NA,partial done (8/10),not available,not available,,not available,not available,
dspfilters_fastfir_second-p21,linear,942651,680,,NA,NA,partial done (9/10),not available,not available,,not available,not available,
eijks1196,linear,34851,2146,,NA,NA,partial done (2/10),not available,not available,,not available,not available,
eijks1238,linear,36732,101,,NA,NA,partial done (2/10),not available,not available,,not available,not available,
eijks298,linear,7501,7590,,NA,NA,partial done (6/10),not available,not available,,not available,not available,
eijks713,linear,12741,334909,0.04,22,146596,success (10/10),not available,not available,,not available,not available,
gen10,linear,165497,387,427.64,9,115,success (10/10),not available,not available,,not available,not available,
gen39,linear,182625,2411,75.75,32,1258,success (10/10),not available,not available,,not available,not available,
intel001,linear,7989,680,11.75,1,171,success (10/10),not available,not available,,not available,not available,
intel037,linear,2393345,22,108788.41,1,3,success (10/10),not available,not available,,not available,not available,
intel038,linear,3299539,15,219969.27,1,2,success (10/10),not available,not available,,not available,not available,
intel039,linear,3413385,15,227559.00,1,2,success (10/10),not available,not available,,not available,not available,
intel042,linear,3292373,15,219491.53,1,2,success (10/10),not available,not available,,not available,not available,
intel056,linear,79539,38485,,NA,NA,partial done (8/10),not available,not available,,not available,not available,
intel057,linear,109250,3773,28.96,1,2266,success (10/10),not available,not available,,not available,not available,
intel061,linear,81757,23,3554.65,1,9,success (10/10),not available,not available,,not available,not available,
kenflashp01,linear,40779,66,617.86,2,10,success (10/10),not available,not available,,not available,not available,
kenflashp03,linear,123438,7,,NA,NA,partial done (2/10),not available,not available,,not available,not available,
kenflashp04,linear,52271,47,1112.15,2,5,success (10/10),not available,not available,,not available,not available,
kenflashp07,linear,52271,47,1112.15,2,5,success (10/10),not available,not available,,not available,not available,
kenflashp08,linear,52071,47,1107.89,2,5,success (10/10),not available,not available,,not available,not available,
kenflashp09,linear,164731,16,,NA,NA,partial done (2/10),not available,not available,,not available,not available,
kenflashp10,linear,164269,not started,,NA,NA,not started,not available,not available,,not available,not available,
kenflashp13,linear,36967,not started,,NA,NA,not started,not available,not available,,not available,not available,
marlann_compute_cp_fail1-p2,linear,121816,182,669.32,2,79,success (10/10),not available,not available,,not available,not available,
marlann_compute_cp_fail2-p0,linear,120661,10,12066.10,1,1,success (10/10),not available,not available,,not available,not available,
marlann_compute_cp_pass-p2,linear,121849,269,452.97,2,137,success (10/10),not available,not available,,not available,not available,
mentorbm1or,linear,1050411,1,,NA,NA,partial done (1/10),not available,not available,,not available,not available,
mentorbm1p01,linear,1050015,327,3211.06,1,46,success (10/10),not available,not available,,not available,not available,
mentorbm1p07,linear,1050015,224,4687.57,1,56,success (10/10),not available,not available,,not available,not available,
mul7,linear,8729240,not started,,NA,NA,not started,not available,not available,,not available,not available,
mul9,linear,568836,not started,,NA,NA,not started,not available,not available,,not available,not available,
mutexp0,linear,5300,not started,,NA,NA,not started,not available,not available,,not available,not available,
ndista128,linear,2686,53,50.68,1,8,success (10/10),not available,not available,,not available,not available,
ndista262144,linear,4512,55,82.04,1,10,success (10/10),not available,not available,,not available,not available,
neclaftp1002,linear,2099552,31690,66.25,1,6965,success (10/10),not available,not available,,not available,not available,
neclaftp2001,linear,1283715,33502,38.32,1,4737,success (10/10),not available,not available,,not available,not available,
neclaftp2002,linear,1283715,34338,37.38,1,4737,success (10/10),not available,not available,,not available,not available,
neclaftp4001,linear,256646,27,9505.41,1,3,success (10/10),not available,not available,,not available,not available,
neclaftp4002,linear,256646,6291,40.80,1,1001,success (10/10),not available,not available,,not available,not available,
neclaftp5001,linear,1935,1,,NA,NA,partial done (1/10),not available,not available,,not available,not available,
neclatcas1a001,linear,99605,1924,51.77,1,255,success (10/10),not available,not available,,not available,not available,
nusmvguidancep1,linear,57374,213,269.36,3,80,success (10/10),not available,not available,,not available,not available,
nusmvreactorp1,linear,40467,not started,,NA,NA,not started,not available,not available,,not available,not available,
nusmvreactorp3,linear,40566,9,,NA,NA,partial done (5/10),not available,not available,,not available,not available,
nusmvsyncarb5p2,linear,1759,40,43.98,4,4,success (10/10),not available,not available,,not available,not available,
nusmvtcasp2,linear,89042,113,787.98,3,31,success (10/10),not available,not available,,not available,not available,
nusmvtcasp3,linear,87854,21016,,NA,NA,partial done (6/10),not available,not available,,not available,not available,
nusmvtcastp3,linear,90758,61006,,NA,NA,partial done (7/10),not available,not available,,not available,not available,
oc8051gm1edata,linear,354627,563,629.89,1,101,success (10/10),not available,not available,,not available,not available,
oc8051gm2daddr,linear,355452,540,658.24,1,94,success (10/10),not available,not available,,not available,not available,
oc8051gm7daddr,linear,350964,563,623.38,1,101,success (10/10),not available,not available,,not available,not available,
oc8051gm98addr,linear,358950,528,679.83,1,91,success (10/10),not available,not available,,not available,not available,
oc8051gmcadata,linear,355518,515,690.33,1,90,success (10/10),not available,not available,,not available,not available,
oc8051gmfbaddr,linear,342087,489,699.56,1,84,success (10/10),not available,not available,,not available,not available,
oski15a01b01s,linear,10139225,not started,,NA,NA,not started,not available,not available,,not available,not available,
oski15a01b04s,linear,10139291,10,,NA,NA,partial done (5/10),not available,not available,,not available,not available,
oski15a01b05s,linear,10139258,47,215728.89,2,10,success (10/10),not available,not available,,not available,not available,
oski15a01b09s,linear,10139225,not started,,NA,NA,not started,not available,not available,,not available,not available,
oski15a01b10s,linear,10139192,not started,,NA,NA,not started,not available,not available,,not available,not available,
oski15a01b11s,linear,10139192,not started,,NA,NA,not started,not available,not available,,not available,not available,
oski15a01b13s,linear,10139258,not started,,NA,NA,not started,not available,not available,,not available,not available,
oski15a01b15s,linear,10139225,36,281645.14,1,19,success (10/10),not available,not available,,not available,not available,
oski15a01b16s,linear,10139192,not started,,NA,NA,not started,not available,not available,,not available,not available,
oski15a01b17s,linear,10139192,2,,NA,NA,partial done (2/10),not available,not available,,not available,not available,
oski15a01b19s,linear,10139225,not started,,NA,NA,not started,not available,not available,,not available,not available,
oski15a01b20s,linear,10140347,20,507017.35,2,2,success (10/10),not available,not available,,not available,not available,
oski15a01b21s,linear,10140281,166,,NA,NA,partial done (2/10),not available,not available,,not available,not available,
oski15a01b22s,linear,10140347,20,507017.35,2,2,success (10/10),not available,not available,,not available,not available,
oski15a01b23s,linear,10140281,166,,NA,NA,partial done (2/10),not available,not available,,not available,not available,
oski15a01b24s,linear,10140314,10,1014031.40,1,1,success (10/10),not available,not available,,not available,not available,
oski15a01b25s,linear,10140281,166,,NA,NA,partial done (2/10),not available,not available,,not available,not available,
oski15a01b27s,linear,10140281,166,,NA,NA,partial done (2/10),not available,not available,,not available,not available,
oski15a01b29s,linear,10140281,166,,NA,NA,partial done (2/10),not available,not available,,not available,not available,
oski15a01b31s,linear,10140281,166,,NA,NA,partial done (2/10),not available,not available,,not available,not available,
oski15a01b33s,linear,10140281,166,,NA,NA,partial done (2/10),not available,not available,,not available,not available,
oski15a01b35s,linear,10140281,166,,NA,NA,partial done (2/10),not available,not available,,not available,not available,
oski15a01b37s,linear,10140314,132,,NA,NA,partial done (2/10),not available,not available,,not available,not available,
oski15a01b39s,linear,10139258,56,181058.18,1,20,success (10/10),not available,not available,,not available,not available,
oski15a01b41s,linear,10139225,not started,,NA,NA,not started,not available,not available,,not available,not available,
oski15a01b43s,linear,10139258,not started,,NA,NA,not started,not available,not available,,not available,not available,
oski15a01b45s,linear,10139258,not started,,NA,NA,not started,not available,not available,,not available,not available,
oski15a01b49s,linear,10139225,not started,,NA,NA,not started,not available,not available,,not available,not available,
oski15a01b51s,linear,10139291,not started,,NA,NA,not started,not available,not available,,not available,not available,
oski15a01b53s,linear,10139258,not started,,NA,NA,not started,not available,not available,,not available,not available,
oski15a01b55s,linear,10139225,36,281645.14,1,19,success (10/10),not available,not available,,not available,not available,
oski15a01b57s,linear,10139192,2,,NA,NA,partial done (2/10),not available,not available,,not available,not available,
oski15a01b59s,linear,10139225,not started,,NA,NA,not started,not available,not available,,not available,not available,
oski15a01b61s,linear,10140281,166,,NA,NA,partial done (2/10),not available,not available,,not available,not available,
oski15a01b63s,linear,10140281,166,,NA,NA,partial done (2/10),not available,not available,,not available,not available,
oski15a01b65s,linear,10140281,166,,NA,NA,partial done (2/10),not available,not available,,not available,not available,
oski15a01b67s,linear,10140281,166,,NA,NA,partial done (2/10),not available,not available,,not available,not available,
oski15a01b69s,linear,10140281,166,,NA,NA,partial done (2/10),not available,not available,,not available,not available,
oski15a01b71s,linear,10140281,166,,NA,NA,partial done (2/10),not available,not available,,not available,not available,
oski15a01b73s,linear,10140281,166,,NA,NA,partial done (2/10),not available,not available,,not available,not available,
oski15a01b75s,linear,10140281,166,,NA,NA,partial done (2/10),not available,not available,,not available,not available,
oski15a01b77s,linear,10140314,132,,NA,NA,partial done (2/10),not available,not available,,not available,not available,
oski15a01b79s,linear,10139258,56,181058.18,1,20,success (10/10),not available,not available,,not available,not available,
oski15a08b01s,linear,0,not started,,NA,NA,not started,not available,not available,,not available,not available,
oski15a08b03s,linear,0,not started,,NA,NA,not started,not available,not available,,not available,not available,
oski15a08b05s,linear,0,not started,,NA,NA,not started,not available,not available,,not available,not available,
oski15a08b09s,linear,0,not started,,NA,NA,not started,not available,not available,,not available,not available,
oski15a08b11s,linear,0,not started,,NA,NA,not started,not available,not available,,not available,not available,
oski15a08b13s,linear,0,not started,,NA,NA,not started,not available,not available,,not available,not available,
oski15a08b14s,linear,0,not started,,NA,NA,not started,not available,not available,,not available,not available,
oski15a08b16s,linear,0,not started,,NA,NA,not started,not available,not available,,not available,not available,
oski15a10b01s,linear,1753169,2,,NA,NA,partial done (2/10),not available,not available,,not available,not available,
oski15a10b03s,linear,1753466,not started,,NA,NA,not started,not available,not available,,not available,not available,
oski15a10b05s,linear,1753466,not started,,NA,NA,not started,not available,not available,,not available,not available,
oski15a10b07s,linear,1753202,not started,,NA,NA,not started,not available,not available,,not available,not available,
oski15a10b09s,linear,1753202,not started,,NA,NA,not started,not available,not available,,not available,not available,
oski15a10b11s,linear,1753202,not started,,NA,NA,not started,not available,not available,,not available,not available,
oski15a10b13s,linear,1753169,2,,NA,NA,partial done (2/10),not available,not available,,not available,not available,
oski15a10b15s,linear,1753202,not started,,NA,NA,not started,not available,not available,,not available,not available,
oski15a10b17s,linear,1753202,19,92273.79,1,2,success (10/10),not available,not available,,not available,not available,
oski15a14b01s,linear,1415688,2,,NA,NA,partial done (2/10),not available,not available,,not available,not available,
oski15a14b03s,linear,1415721,25544,55.42,76,6066,success (10/10),not available,not available,,not available,not available,
oski15a14b05s,linear,1415721,30940,45.76,72,13099,success (10/10),not available,not available,,not available,not available,
oski15a14b07s,linear,1415721,23,61553.09,1,6,success (10/10),not available,not available,,not available,not available,
oski15a14b09s,linear,1415754,22,64352.45,1,5,success (10/10),not available,not available,,not available,not available,
oski15a14b14s,linear,1418130,3,,NA,NA,partial done (2/10),not available,not available,,not available,not available,
oski15a14b16s,linear,1415853,6,,NA,NA,partial done (2/10),not available,not available,,not available,not available,
oski15a14b18s,linear,1418130,1,,NA,NA,partial done (1/10),not available,not available,,not available,not available,
oski15a14b21s,linear,1415721,25544,55.42,76,6066,success (10/10),not available,not available,,not available,not available,
oski15a14b23s,linear,1415721,25544,55.42,76,6066,success (10/10),not available,not available,,not available,not available,
oski15a14b25s,linear,1415721,61315,,NA,NA,partial done (8/10),not available,not available,,not available,not available,
oski15a14b29s,linear,1415721,not started,,NA,NA,not started,not available,not available,,not available,not available,
oski15a14b31s,linear,1416810,194,,NA,NA,partial done (2/10),not available,not available,,not available,not available,
oski15a14b32s,linear,1420506,32,,NA,NA,partial done (3/10),not available,not available,,not available,not available,
oski1rub03i,linear,4409722,36,122492.28,1,5,success (10/10),not available,not available,,not available,not available,
oski2b1i,linear,5841251,36,162256.97,1,5,success (10/10),not available,not available,,not available,not available,
oski2b2i,linear,5841251,36,162256.97,1,5,success (10/10),not available,not available,,not available,not available,
oski2b3i,linear,5841251,36,162256.97,1,5,success (10/10),not available,not available,,not available,not available,
oski2b4i,linear,5841251,37,157871.65,1,5,success (10/10),not available,not available,,not available,not available,
oski2b5i,linear,5841251,37,157871.65,1,5,success (10/10),not available,not available,,not available,not available,
oski3b3i,linear,1183801,36,32883.36,1,5,success (10/10),not available,not available,,not available,not available,
pcip1,linear,66125,not started,,NA,NA,not started,not available,not available,,not available,not available,
pdtpmsrotate32,linear,39268,5013,,NA,NA,partial done (1/10),not available,not available,,not available,not available,
pdtpmss1269b,linear,26968,442,,NA,NA,partial done (3/10),not available,not available,,not available,not available,
pdtpmsusbphy,linear,24617,3,,NA,NA,partial done (1/10),not available,not available,,not available,not available,
pdtswvsam6x8p1,linear,272642,58,4700.72,1,14,success (10/10),not available,not available,,not available,not available,
pdtvisblackjack0,linear,114416,624,183.36,2,87,success (10/10),not available,not available,,not available,not available,
pdtvisblackjack1,linear,114548,613,186.86,2,86,success (10/10),not available,not available,,not available,not available,
pdtvisblackjack2,linear,114548,618,185.35,1,87,success (10/10),not available,not available,,not available,not available,
pdtviscoherence4,linear,70426,9817,7.17,2,3196,success (10/10),not available,not available,,not available,not available,
pdtvisgigamax4,linear,35392,1124,31.49,2,484,success (10/10),not available,not available,,not available,not available,
pdtvisgray0,linear,401,2,,NA,NA,partial done (1/10),not available,not available,,not available,not available,
pdtvishuffman1,linear,31934,not started,,NA,NA,not started,not available,not available,,not available,not available,
pdtvisminmax0,linear,17651,not started,,NA,NA,not started,not available,not available,,not available,not available,
pdtvisminmaxr1,linear,17617,2120,,NA,NA,partial done (1/10),not available,not available,,not available,not available,
pdtvisns2p3,linear,83301,15,,NA,NA,partial done (1/10),not available,not available,,not available,not available,
pdtvisretherrtf1,linear,41857,255,164.15,3,38,success (10/10),not available,not available,,not available,not available,
pdtvisrethersqo0,linear,26283,not started,,NA,NA,not started,not available,not available,,not available,not available,
pdtvistwoall3,linear,56595,160,353.72,16,16,success (10/10),not available,not available,,not available,not available,
pdtvisvending09,linear,31450,not started,,NA,NA,not started,not available,not available,,not available,not available,
pdtvisvsa16a10,linear,207245,26,7970.96,1,3,success (10/10),not available,not available,,not available,not available,
pdtvisvsa16a16,linear,206288,not started,,NA,NA,not started,not available,not available,,not available,not available,
pdtvisvsa16a27,linear,207872,349,595.62,3,66,success (10/10),not available,not available,,not available,not available,
pdtvisvsar22,linear,69529,10,,NA,NA,partial done (1/10),not available,not available,,not available,not available,
pdtvsar8multip13,linear,165360,28,5905.71,1,3,success (10/10),not available,not available,,not available,not available,
pdtvsar8multip16,linear,165162,not started,,NA,NA,not started,not available,not available,,not available,not available,
pdtvsar8multip23,linear,165195,22,7508.86,1,3,success (10/10),not available,not available,,not available,not available,
pdtvsarmultip08,linear,70156,26,2698.31,1,3,success (10/10),not available,not available,,not available,not available,
pdtvsarmultip13,linear,69529,28,2483.18,1,3,success (10/10),not available,not available,,not available,not available,
pdtvsarmultip29,linear,78703,not started,,NA,NA,not started,not available,not available,,not available,not available,
pdtvsarmultip30,linear,69331,not started,,NA,NA,not started,not available,not available,,not available,not available,
picorv32-check-p05,linear,622882,2001,311.29,1,563,success (10/10),not available,not available,,not available,not available,
picorv32-check-p12,linear,622882,1899,328.01,1,618,success (10/10),not available,not available,,not available,not available,
picorv32-check-p19,linear,622882,439,1418.87,1,126,success (10/10),not available,not available,,not available,not available,
picorv32-check-p22,linear,622882,1851,336.51,1,757,success (10/10),not available,not available,,not available,not available,
pj2002,linear,1134197,95,11938.92,2,18,success (10/10),not available,not available,,not available,not available,
pj2003,linear,1134197,95,11938.92,2,18,success (10/10),not available,not available,,not available,not available,
pj2007,linear,562020,279,2014.41,4,61,success (10/10),not available,not available,,not available,not available,
pj2010,linear,597490,48,12447.71,3,7,success (10/10),not available,not available,,not available,not available,
pj2016,linear,1126542,2540,443.52,9,862,success (10/10),not available,not available,,not available,not available,
pj2018,linear,853776,2963,288.15,14,1128,success (10/10),not available,not available,,not available,not available,
power2bit128,linear,3282,53,61.92,1,8,success (10/10),not available,not available,,not available,not available,
power2bit8,linear,2354,34,69.24,1,4,success (10/10),not available,not available,,not available,not available,
prodcellp0neg,linear,40819,960,42.52,16,199,success (10/10),not available,not available,,not available,not available,
prodcellp1,linear,40819,957,42.65,16,199,success (10/10),not available,not available,,not available,not available,
prodcellp2neg,linear,40819,957,42.65,16,199,success (10/10),not available,not available,,not available,not available,
prodcellp4,linear,49099,423,116.07,4,64,success (10/10),not available,not available,,not available,not available,
productioncellp0,linear,40819,960,42.52,16,199,success (10/10),not available,not available,,not available,not available,
qspiflash_dualflexpress_divfive-p022,linear,95478,75,,NA,NA,partial done (3/10),not available,not available,,not available,not available,
qspiflash_dualflexpress_divfive-p054,linear,95478,42,2273.29,1,8,success (10/10),not available,not available,,not available,not available,
qspiflash_dualflexpress_divfive-p128,linear,95478,1256,76.02,2,713,success (10/10),not available,not available,,not available,not available,
qspiflash_dualflexpress_divfive-p143,linear,95577,8,,NA,NA,partial done (1/10),not available,not available,,not available,not available,
qspiflash_dualflexpress_divthree-p046,linear,94949,6498,,NA,NA,partial done (8/10),not available,not available,,not available,not available,
qspiflash_dualflexpress_divthree-p143,linear,95048,6,,NA,NA,partial done (1/10),not available,not available,,not available,not available,
qspiflash_dualflexpress_divthree-p164,linear,94949,54,1758.31,1,12,success (10/10),not available,not available,,not available,not available,
qspiflash_qflexpress_divfive-p017,linear,84577,26,,NA,NA,partial done (3/10),not available,not available,,not available,not available,
qspiflash_qflexpress_divfive-p038,linear,84577,8049,10.51,2,5646,success (10/10),not available,not available,,not available,not available,
rast-p01,linear,1775905,1,,NA,NA,partial done (1/10),not available,not available,,not available,not available,
rast-p03,linear,1775905,1,,NA,NA,partial done (1/10),not available,not available,,not available,not available,
rast-p04,linear,1775905,1,,NA,NA,partial done (1/10),not available,not available,,not available,not available,
rast-p06,linear,1775905,1,,NA,NA,partial done (1/10),not available,not available,,not available,not available,
rast-p11,linear,1775905,2,,NA,NA,partial done (2/10),not available,not available,,not available,not available,
rast-p18,linear,1775905,1,,NA,NA,partial done (1/10),not available,not available,,not available,not available,
rast-p19,linear,1775905,1,,NA,NA,partial done (1/10),not available,not available,,not available,not available,
ringp0,linear,4843,not started,,NA,NA,not started,not available,not available,,not available,not available,
shift1add2048,linear,3617,55,65.76,1,10,success (10/10),not available,not available,,not available,not available,
shift1add256,linear,3119,56,55.70,1,10,success (10/10),not available,not available,,not available,not available,
shift1add262144,linear,4779,55,86.89,1,10,success (10/10),not available,not available,,not available,not available,
shift1add512,linear,3285,57,57.63,1,11,success (10/10),not available,not available,,not available,not available,
srg5ptimo,linear,10112,not started,,NA,NA,not started,not available,not available,,not available,not available,
stack-p1,linear,1212182,910,,NA,NA,partial done (9/10),not available,not available,,not available,not available,
stack-p2,linear,1212182,51,,NA,NA,partial done (2/10),not available,not available,,not available,not available,
texasifetch1p1,linear,20090,14,1435.00,1,5,success (10/10),not available,not available,,not available,not available,
texasifetch1p8,linear,19958,not started,,NA,NA,not started,not available,not available,,not available,not available,
texasparsesysp2,linear,391791,40,9794.77,2,11,success (10/10),not available,not available,,not available,not available,
texaspimainp01,linear,263843,296,891.36,1,86,success (10/10),not available,not available,,not available,not available,
vcegar_QF_BV_ar,linear,995002,5087,195.60,4,2496,success (10/10),not available,not available,,not available,not available,
vgasim_imgfifo-p047,linear,150503,101,,NA,NA,partial done (2/10),not available,not available,,not available,not available,
vgasim_imgfifo-p064,linear,152087,446,341.00,2,285,success (10/10),not available,not available,,not available,not available,
vgasim_imgfifo-p082,linear,150998,935,161.50,2,249,success (10/10),not available,not available,,not available,not available,
vgasim_imgfifo-p093,linear,151856,107,1419.21,2,18,success (10/10),not available,not available,,not available,not available,
vgasim_imgfifo-p099,linear,151031,1726,87.50,2,478,success (10/10),not available,not available,,not available,not available,
vis_arrays_am2910_p2,linear,6718,96,69.98,1,29,success (10/10),not available,not available,,not available,not available,
viscoherencep2,linear,53266,667,79.86,2,245,success (10/10),not available,not available,,not available,not available,
viselevatorp1,linear,36769,3,,NA,NA,partial done (2/10),not available,not available,,not available,not available,
viselevatorp2,linear,36802,not started,,NA,NA,not started,not available,not available,,not available,not available,
viselevatorp3,linear,37000,50,740.00,3,12,success (10/10),not available,not available,,not available,not available,
visemodel,linear,10410,3,,NA,NA,partial done (2/10),not available,not available,,not available,not available,
visprodcellp01,linear,92676,55,,NA,NA,partial done (6/10),not available,not available,,not available,not available,
zipcpu-busdelay-p15,linear,97894,4473,,NA,NA,partial done (6/10),not available,not available,,not available,not available,
zipcpu-busdelay-p43,linear,97894,1672,58.55,3,540,success (10/10),not available,not available,,not available,not available,
zipcpu-pfcache-p13,linear,664559,375,,NA,NA,partial done (7/10),not available,not available,,not available,not available,
zipcpu-pfcache-p20,linear,664559,112,,NA,NA,partial done (5/10),not available,not available,,not available,not available,
zipcpu-pfcache-p22,linear,664559,26829,,NA,NA,partial done (9/10),not available,not available,,not available,not available,
zipcpu-pfcache-p27,linear,664559,32,,NA,NA,partial done (3/10),not available,not available,,not available,not available,
zipcpu-pfcache-p28,linear,664559,112,,NA,NA,partial done (5/10),not available,not available,,not available,not available,
zipcpu-zipmmu-p09,linear,159521,2074,,NA,NA,partial done (4/10),not available,not available,,not available,not available,
zipcpu-zipmmu-p14,linear,153119,7865,,NA,NA,partial done (9/10),not available,not available,,not available,not available,
zipcpu-zipmmu-p39,linear,153119,18481,,NA,NA,partial done (8/10),not available,not available,,not available,not available,
zipversa_composecrc_prf-p00,linear,91543,3,,NA,NA,partial done (2/10),not available,not available,,not available,not available,
zipversa_composecrc_prf-p07,linear,92599,66,,NA,NA,partial done (5/10),not available,not available,,not available,not available,
zipversa_composecrc_prf-p11,linear,91642,5,,NA,NA,partial done (1/10),not available,not available,,not available,not available,
zipversa_composecrc_prf-p15,linear,91576,447,204.87,3,180,success (10/10),not available,not available,,not available,not available,
zipversa_composecrc_prf-p17,linear,91576,224,408.82,3,50,success (10/10),not available,not available,,not available,not available,
zipversa_composecrc_prf-p22,linear,92566,4755,,NA,NA,partial done (6/10),not available,not available,,not available,not available,
